"Exp","n_gram","Freqz"
"frequency",2,95
"frequency",2,16
"frequency",2,1
"frequency",2,6
"frequency",2,2
"frequency",2,1
"frequency",2,11
"frequency",2,53
"frequency",2,57
"frequency",2,81
"frequency",2,21
"frequency",2,2
"frequency",2,0
"frequency",2,10
"frequency",2,19
"frequency",2,33
"frequency",2,11
"frequency",2,12
"frequency",2,48
"frequency",2,18
"frequency",2,36
"frequency",2,3
"frequency",2,44
"frequency",2,7
"frequency",2,127
"frequency",2,4
"frequency",2,0
"frequency",2,2
"frequency",2,4
"frequency",2,25
"frequency",2,21
"frequency",2,84
"frequency",2,88
"frequency",2,5
"frequency",2,6
"frequency",2,2
"frequency",2,6
"frequency",2,40
"frequency",2,6
"frequency",2,58
"frequency",2,67
"frequency",2,13
"frequency",2,2
"frequency",2,3
"frequency",2,20
"frequency",2,1
"frequency",2,6
"frequency",2,46
"frequency",2,20
"frequency",2,31
"frequency",2,10
"frequency",2,24
"frequency",2,3
"frequency",2,1
"frequency",2,8
"frequency",2,12
"frequency",2,245
"frequency",2,57
"frequency",2,13
"frequency",2,13
"frequency",2,8
"frequency",2,3
"frequency",2,54
"frequency",2,130
"frequency",2,160
"frequency",2,231
"frequency",2,25
"frequency",2,15
"frequency",2,4
"frequency",2,34
"frequency",2,69
"frequency",2,88
"frequency",2,36
"frequency",2,37
"frequency",2,92
"frequency",2,44
"frequency",2,67
"frequency",2,9
"frequency",2,141
"frequency",2,39
"frequency",2,275
"frequency",2,7
"frequency",2,3
"frequency",2,19
"frequency",2,18
"frequency",2,50
"frequency",2,23
"frequency",2,187
"frequency",2,166
"frequency",2,10
"frequency",2,12
"frequency",2,11
"frequency",2,23
"frequency",2,57
"frequency",2,7
"frequency",2,97
"frequency",2,181
"frequency",2,27
"frequency",2,10
"frequency",2,9
"frequency",2,60
"frequency",2,4
"frequency",2,6
"frequency",2,104
"frequency",2,64
"frequency",2,97
"frequency",2,30
"frequency",2,61
"frequency",2,19
"frequency",2,11
"frequency",2,13
"frequency",2,22
"probability",2,24
"probability",2,5
"probability",2,0
"probability",2,0
"probability",2,0
"probability",2,1
"probability",2,1
"probability",2,5
"probability",2,19
"probability",2,27
"probability",2,5
"probability",2,0
"probability",2,0
"probability",2,5
"probability",2,2
"probability",2,9
"probability",2,6
"probability",2,5
"probability",2,10
"probability",2,3
"probability",2,8
"probability",2,2
"probability",2,16
"probability",2,2
"probability",2,22
"probability",2,2
"probability",2,0
"probability",2,4
"probability",2,2
"probability",2,5
"probability",2,3
"probability",2,9
"probability",2,15
"probability",2,3
"probability",2,1
"probability",2,2
"probability",2,1
"probability",2,8
"probability",2,2
"probability",2,3
"probability",2,20
"probability",2,1
"probability",2,2
"probability",2,0
"probability",2,4
"probability",2,1
"probability",2,0
"probability",2,8
"probability",2,12
"probability",2,10
"probability",2,6
"probability",2,7
"probability",2,2
"probability",2,3
"probability",2,2
"probability",2,2
"probability",2,213
"probability",2,34
"probability",2,5
"probability",2,5
"probability",2,5
"probability",2,1
"probability",2,34
"probability",2,64
"probability",2,144
"probability",2,202
"probability",2,42
"probability",2,7
"probability",2,1
"probability",2,42
"probability",2,31
"probability",2,80
"probability",2,40
"probability",2,37
"probability",2,73
"probability",2,40
"probability",2,84
"probability",2,4
"probability",2,112
"probability",2,41
"probability",2,258
"probability",2,6
"probability",2,5
"probability",2,17
"probability",2,9
"probability",2,27
"probability",2,61
"probability",2,169
"probability",2,165
"probability",2,4
"probability",2,17
"probability",2,7
"probability",2,8
"probability",2,55
"probability",2,8
"probability",2,95
"probability",2,170
"probability",2,29
"probability",2,5
"probability",2,5
"probability",2,35
"probability",2,5
"probability",2,9
"probability",2,111
"probability",2,75
"probability",2,93
"probability",2,42
"probability",2,63
"probability",2,21
"probability",2,11
"probability",2,13
"probability",2,26
